document_id,file_name,fund_id,investor_id,notice_date,due_date,currency,call_amount,reference,extraction_method,extraction_confidence,validation_status,validation_message,expected_cashflow_id,expected_match,ledger_fund_id,ledger_investor_id,ledger_cashflow_date,ledger_amount,ledger_currency,amount_difference,reconciliation_status
DOC0001,DOC0001.pdf,FUND004,INV0106,2023-03-11,2023-03-31,GBP,247928.14,CF0000650,deterministic_pdf_text,1.0,PASS,schema checks passed,CF0000650,1,FUND004,INV0106,2023-03-31,247928.14,GBP,0.0,MATCH
DOC0002,DOC0002.pdf,FUND004,INV0065,2025-06-10,2025-06-30,GBP,3627921.9,CF0000698,deterministic_pdf_text,1.0,PASS,schema checks passed,CF0000698,1,FUND004,INV0065,2025-06-30,3627921.9,GBP,0.0,MATCH
DOC0003,DOC0003.pdf,FUND012,INV0179,2025-06-10,2025-06-30,EUR,2711250.41,CF0002216,deterministic_pdf_text,1.0,PASS,schema checks passed,CF0002216,1,FUND012,INV0179,2025-06-30,2711250.41,EUR,0.0,MATCH
DOC0004,DOC0004.pdf,FUND012,INV0100,2025-06-10,2025-06-30,EUR,4456087.61,CF0002273,deterministic_pdf_text,1.0,PASS,schema checks passed,CF0002273,1,FUND012,INV0100,2025-06-30,4456087.61,EUR,0.0,MATCH
DOC0005,DOC0005.pdf,FUND019,INV0030,2023-12-11,2023-12-31,GBP,9075547.34,CF0003532,deterministic_pdf_text,1.0,PASS,schema checks passed,CF0003532,1,FUND019,INV0030,2023-12-31,9075547.34,GBP,0.0,MATCH
DOC0006,DOC0006.pdf,FUND020,INV0103,2023-03-11,2023-03-31,USD,3351281.45,CF0003823,deterministic_pdf_text,1.0,PASS,schema checks passed,CF0003823,1,FUND020,INV0103,2023-03-31,3351281.45,USD,0.0,MATCH
DOC0007,DOC0007.pdf,FUND021,INV0148,2022-03-11,2022-03-31,EUR,339152.5,CF0003955,deterministic_pdf_text,1.0,PASS,schema checks passed,CF0003955,1,FUND021,INV0148,2022-03-31,339152.5,EUR,0.0,MATCH
DOC0008,DOC0008.pdf,FUND020,INV0025,2021-06-10,2021-06-30,USD,673316.24,CF0003757,deterministic_pdf_text,1.0,PASS,schema checks passed,CF0003757,0,FUND020,INV0025,2021-06-30,641253.56,USD,32062.68,REVIEW_MISMATCH
DOC0009,DOC0009.pdf,FUND006,INV0178,2024-12-11,2024-12-31,EUR,482759.73,CF0001141,deterministic_pdf_text,1.0,PASS,schema checks passed,CF0001141,1,FUND006,INV0178,2024-12-31,482759.73,EUR,0.0,MATCH
DOC0010,DOC0010.pdf,FUND004,INV0081,2024-03-11,2024-03-31,GBP,393754.88,CF0000535,deterministic_pdf_text,1.0,PASS,schema checks passed,CF0000535,1,FUND004,INV0081,2024-03-31,393754.88,GBP,0.0,MATCH
DOC0011,DOC0011.pdf,FUND017,INV0122,2026-03-11,2026-03-31,USD,550176.38,CF0003071,deterministic_pdf_text,1.0,PASS,schema checks passed,CF0003071,1,FUND017,INV0122,2026-03-31,550176.38,USD,0.0,MATCH
DOC0012,DOC0012.pdf,FUND004,INV0148,2022-03-11,2022-03-31,GBP,5742467.5,CF0000570,deterministic_pdf_text,1.0,PASS,schema checks passed,CF0000570,0,FUND004,INV0148,2022-03-31,5469016.67,GBP,273450.83,REVIEW_MISMATCH
DOC0013,DOC0013.pdf,FUND019,INV0109,2023-09-10,2023-09-30,GBP,6211798.69,CF0003541,deterministic_pdf_text,1.0,PASS,schema checks passed,CF0003541,1,FUND019,INV0109,2023-09-30,6211798.69,GBP,0.0,MATCH
DOC0014,DOC0014.pdf,FUND017,INV0121,2025-12-11,2025-12-31,USD,280943.0,CF0003020,deterministic_pdf_text,1.0,PASS,schema checks passed,CF0003020,1,FUND017,INV0121,2025-12-31,280943.0,USD,0.0,MATCH
DOC0015,DOC0015.pdf,FUND011,INV0140,2023-09-10,2023-09-30,USD,16889.69,CF0002045,deterministic_pdf_text,1.0,PASS,schema checks passed,CF0002045,1,FUND011,INV0140,2023-09-30,16889.69,USD,0.0,MATCH
DOC0016,DOC0016.pdf,FUND019,INV0066,2024-06-10,2024-06-30,GBP,17232116.73,CF0003471,deterministic_pdf_text,1.0,PASS,schema checks passed,CF0003471,1,FUND019,INV0066,2024-06-30,17232116.73,GBP,0.0,MATCH
DOC0017,DOC0017.pdf,FUND023,INV0112,2024-06-10,2024-06-30,USD,1405112.5,CF0004461,deterministic_pdf_text,1.0,PASS,schema checks passed,CF0004461,1,FUND023,INV0112,2024-06-30,1405112.5,USD,0.0,MATCH
DOC0018,DOC0018.pdf,FUND012,INV0078,2024-12-11,2024-12-31,EUR,11843.41,CF0002240,deterministic_pdf_text,1.0,PASS,schema checks passed,CF0002240,0,FUND012,INV0078,2024-12-31,10966.12,EUR,877.29,REVIEW_MISMATCH
DOC0019,DOC0019.pdf,FUND022,INV0066,2021-12-11,2021-12-31,GBP,4570287.78,CF0004124,deterministic_pdf_text,1.0,PASS,schema checks passed,CF0004124,1,FUND022,INV0066,2021-12-31,4570287.78,GBP,0.0,MATCH
DOC0020,DOC0020.pdf,FUND005,INV0151,2023-09-10,2023-09-30,USD,1034995.85,CF0000771,deterministic_pdf_text,1.0,PASS,schema checks passed,CF0000771,1,FUND005,INV0151,2023-09-30,1034995.85,USD,0.0,MATCH
DOC0021,DOC0021.pdf,FUND014,INV0010,2024-06-10,2024-06-30,USD,7267981.26,CF0002570,deterministic_pdf_text,1.0,PASS,schema checks passed,CF0002570,1,FUND014,INV0010,2024-06-30,7267981.26,USD,0.0,MATCH
DOC0022,DOC0022.pdf,FUND010,INV0136,2025-12-11,2025-12-31,GBP,7059138.27,CF0001947,deterministic_pdf_text,1.0,PASS,schema checks passed,CF0001947,1,FUND010,INV0136,2025-12-31,7059138.27,GBP,0.0,MATCH
DOC0023,DOC0023.pdf,FUND010,INV0071,2026-06-10,2026-06-30,GBP,1572232.02,CF0001866,deterministic_pdf_text,1.0,PASS,schema checks passed,CF0001866,1,FUND010,INV0071,2026-06-30,1572232.02,GBP,0.0,MATCH
DOC0024,DOC0024.pdf,FUND004,INV0089,2022-09-10,2022-09-30,GBP,2231097.27,CF0000744,deterministic_pdf_text,1.0,PASS,schema checks passed,CF0000744,1,FUND004,INV0089,2022-09-30,2231097.27,GBP,0.0,MATCH
DOC0025,DOC0025.pdf,FUND011,INV0047,2023-09-10,2023-09-30,USD,1134549.67,CF0002069,deterministic_pdf_text,1.0,PASS,schema checks passed,CF0002069,1,FUND011,INV0047,2023-09-30,1134549.67,USD,0.0,MATCH
DOC0026,DOC0026.pdf,FUND024,INV0155,2024-09-10,2024-09-30,EUR,3996555.5,CF0004520,deterministic_pdf_text,1.0,PASS,schema checks passed,CF0004520,1,FUND024,INV0155,2024-09-30,3996555.5,EUR,0.0,MATCH
DOC0027,DOC0027.pdf,FUND004,INV0106,2025-09-10,2025-09-30,GBP,2239788.82,CF0000653,deterministic_pdf_text,1.0,PASS,schema checks passed,CF0000653,1,FUND004,INV0106,2025-09-30,2239788.82,GBP,0.0,MATCH
DOC0028,DOC0028.pdf,FUND002,INV0047,2025-03-11,2025-03-31,USD,61563.03,CF0000252,deterministic_pdf_text,1.0,PASS,schema checks passed,CF0000252,1,FUND002,INV0047,2025-03-31,61563.03,USD,0.0,MATCH
DOC0029,DOC0029.pdf,FUND015,INV0056,2026-03-11,2026-03-31,EUR,56047.57,CF0002721,deterministic_pdf_text,1.0,PASS,schema checks passed,CF0002721,0,FUND015,INV0056,2026-03-31,51895.9,EUR,4151.67,REVIEW_MISMATCH
DOC0030,DOC0030.pdf,FUND023,INV0060,2024-03-11,2024-03-31,USD,3579657.85,CF0004327,deterministic_pdf_text,1.0,PASS,schema checks passed,CF0004327,1,FUND023,INV0060,2024-03-31,3579657.85,USD,0.0,MATCH
DOC0031,DOC0031.pdf,FUND020,INV0045,2025-06-10,2025-06-30,USD,4602831.86,CF0003745,deterministic_pdf_text,1.0,PASS,schema checks passed,CF0003745,0,FUND020,INV0045,2025-06-30,4845086.17,USD,-242254.31,REVIEW_MISMATCH
DOC0032,DOC0032.pdf,FUND020,INV0121,2024-09-10,2024-09-30,USD,123869.05,CF0003751,deterministic_pdf_text,1.0,PASS,schema checks passed,CF0003751,1,FUND020,INV0121,2024-09-30,123869.05,USD,0.0,MATCH
DOC0033,DOC0033.pdf,FUND010,INV0157,2026-06-10,2026-06-30,GBP,1039699.22,CF0001889,deterministic_pdf_text,1.0,PASS,schema checks passed,CF0001889,1,FUND010,INV0157,2026-06-30,1039699.22,GBP,0.0,MATCH
DOC0034,DOC0034.pdf,FUND011,INV0094,2024-09-10,2024-09-30,USD,11955752.87,CF0002134,deterministic_pdf_text,1.0,PASS,schema checks passed,CF0002134,1,FUND011,INV0094,2024-09-30,11955752.87,USD,0.0,MATCH
DOC0035,DOC0035.pdf,FUND013,INV0179,2024-03-11,2024-03-31,GBP,6302709.75,CF0002336,deterministic_pdf_text,1.0,PASS,schema checks passed,CF0002336,1,FUND013,INV0179,2024-03-31,6302709.75,GBP,0.0,MATCH
DOC0036,DOC0036.pdf,FUND018,INV0161,2024-09-10,2024-09-30,EUR,1416195.77,CF0003277,deterministic_pdf_text,1.0,PASS,schema checks passed,CF0003277,1,FUND018,INV0161,2024-09-30,1416195.77,EUR,0.0,MATCH
DOC0037,DOC0037.pdf,FUND019,INV0145,2024-09-10,2024-09-30,GBP,131595.71,CF0003459,deterministic_pdf_text,1.0,PASS,schema checks passed,CF0003459,1,FUND019,INV0145,2024-09-30,131595.71,GBP,0.0,MATCH
DOC0038,DOC0038.pdf,FUND023,INV0079,2021-12-11,2021-12-31,USD,5670492.57,CF0004301,deterministic_pdf_text,1.0,PASS,schema checks passed,CF0004301,0,FUND023,INV0079,2021-12-31,5400469.11,USD,270023.46,REVIEW_MISMATCH
DOC0039,DOC0039.pdf,FUND007,INV0124,2022-12-11,2022-12-31,GBP,1037810.23,CF0001302,deterministic_pdf_text,1.0,PASS,schema checks passed,CF0001302,1,FUND007,INV0124,2022-12-31,1037810.23,GBP,0.0,MATCH
DOC0040,DOC0040.pdf,FUND022,INV0096,2022-06-10,2022-06-30,GBP,3747351.48,CF0004077,deterministic_pdf_text,1.0,PASS,schema checks passed,CF0004077,1,FUND022,INV0096,2022-06-30,3747351.48,GBP,0.0,MATCH
DOC0041,DOC0041.pdf,FUND020,INV0108,2025-03-11,2025-03-31,USD,2896915.78,CF0003582,deterministic_pdf_text,1.0,PASS,schema checks passed,CF0003582,1,FUND020,INV0108,2025-03-31,2896915.78,USD,0.0,MATCH
DOC0042,DOC0042.pdf,FUND022,INV0096,2023-03-11,2023-03-31,GBP,571018.6,CF0004078,deterministic_pdf_text,1.0,PASS,schema checks passed,CF0004078,1,FUND022,INV0096,2023-03-31,571018.6,GBP,0.0,MATCH
DOC0043,DOC0043.pdf,FUND020,INV0025,2025-03-11,2025-03-31,USD,167821.21,CF0003760,deterministic_pdf_text,1.0,PASS,schema checks passed,CF0003760,1,FUND020,INV0025,2025-03-31,167821.21,USD,0.0,MATCH
DOC0044,DOC0044.pdf,FUND005,INV0174,2021-06-10,2021-06-30,USD,155112.51,CF0000819,deterministic_pdf_text,1.0,PASS,schema checks passed,CF0000819,1,FUND005,INV0174,2021-06-30,155112.51,USD,0.0,MATCH
DOC0045,DOC0045.pdf,FUND010,INV0016,2020-06-10,2020-06-30,GBP,802280.77,CF0001920,deterministic_pdf_text,1.0,PASS,schema checks passed,CF0001920,1,FUND010,INV0016,2020-06-30,802280.77,GBP,0.0,MATCH
DOC0046,DOC0046.pdf,FUND018,INV0010,2020-03-11,2020-03-31,EUR,4591387.71,CF0003224,deterministic_pdf_text,1.0,PASS,schema checks passed,CF0003224,1,FUND018,INV0010,2020-03-31,4591387.71,EUR,0.0,MATCH
DOC0047,DOC0047.pdf,FUND011,INV0089,2025-06-10,2025-06-30,USD,89779.5,CF0001994,deterministic_pdf_text,1.0,PASS,schema checks passed,CF0001994,1,FUND011,INV0089,2025-06-30,89779.5,USD,0.0,MATCH
DOC0048,DOC0048.pdf,FUND004,INV0081,2021-09-10,2021-09-30,GBP,2494749.49,CF0000533,deterministic_pdf_text,1.0,PASS,schema checks passed,CF0000533,1,FUND004,INV0081,2021-09-30,2494749.49,GBP,0.0,MATCH
DOC0049,DOC0049.pdf,FUND023,INV0126,2026-03-11,2026-03-31,USD,7848710.88,CF0004387,deterministic_pdf_text,1.0,PASS,schema checks passed,CF0004387,1,FUND023,INV0126,2026-03-31,7848710.88,USD,0.0,MATCH
DOC0050,DOC0050.pdf,FUND005,INV0146,2020-09-10,2020-09-30,USD,2932297.51,CF0000833,deterministic_pdf_text,1.0,PASS,schema checks passed,CF0000833,1,FUND005,INV0146,2020-09-30,2932297.51,USD,0.0,MATCH
DOC0051,DOC0051.pdf,FUND004,INV0106,2025-06-10,2025-06-30,GBP,1729638.88,CF0000652,deterministic_pdf_text,1.0,PASS,schema checks passed,CF0000652,0,FUND004,INV0106,2025-06-30,1647275.12,GBP,82363.76,REVIEW_MISMATCH
DOC0052,DOC0052.pdf,FUND008,INV0176,2024-06-10,2024-06-30,USD,4447621.74,CF0001516,deterministic_pdf_text,1.0,PASS,schema checks passed,CF0001516,1,FUND008,INV0176,2024-06-30,4447621.74,USD,0.0,MATCH
DOC0053,DOC0053.pdf,FUND022,INV0030,2020-12-11,2020-12-31,GBP,12422644.76,CF0004188,deterministic_pdf_text,1.0,PASS,schema checks passed,CF0004188,1,FUND022,INV0030,2020-12-31,12422644.76,GBP,0.0,MATCH
DOC0054,DOC0054.pdf,FUND021,INV0129,2023-03-11,2023-03-31,EUR,7034.65,CF0003990,deterministic_pdf_text,1.0,PASS,schema checks passed,CF0003990,1,FUND021,INV0129,2023-03-31,7034.65,EUR,0.0,MATCH
DOC0055,DOC0055.pdf,FUND007,INV0149,2025-09-10,2025-09-30,GBP,116211.01,CF0001465,deterministic_pdf_text,1.0,PASS,schema checks passed,CF0001465,1,FUND007,INV0149,2025-09-30,116211.01,GBP,0.0,MATCH
DOC0056,DOC0056.pdf,FUND011,INV0072,2025-12-11,2025-12-31,USD,5045322.5,CF0002035,deterministic_pdf_text,1.0,PASS,schema checks passed,CF0002035,1,FUND011,INV0072,2025-12-31,5045322.5,USD,0.0,MATCH
DOC0057,DOC0057.pdf,FUND019,INV0034,2023-09-10,2023-09-30,GBP,13902879.93,CF0003568,deterministic_pdf_text,1.0,PASS,schema checks passed,CF0003568,1,FUND019,INV0034,2023-09-30,13902879.93,GBP,0.0,MATCH
DOC0058,DOC0058.pdf,FUND015,INV0092,2025-09-10,2025-09-30,EUR,1213694.08,CF0002791,deterministic_pdf_text,1.0,PASS,schema checks passed,CF0002791,1,FUND015,INV0092,2025-09-30,1213694.08,EUR,0.0,MATCH
DOC0059,DOC0059.pdf,FUND019,INV0176,2025-09-10,2025-09-30,GBP,9424005.49,CF0003431,deterministic_pdf_text,1.0,PASS,schema checks passed,CF0003431,1,FUND019,INV0176,2025-09-30,9424005.49,GBP,0.0,MATCH
DOC0060,DOC0060.pdf,FUND017,INV0126,2023-03-11,2023-03-31,USD,2164112.76,CF0003061,deterministic_pdf_text,1.0,PASS,schema checks passed,CF0003061,0,FUND017,INV0126,2023-03-31,2278013.43,USD,-113900.67,REVIEW_MISMATCH
