fund_id,nav_amount,position_fair_value,difference,difference_pct,status
FUND001,24601437.2,24601437.19,-0.01,-4.064803173369075e-10,PASS
FUND002,393559293.4,393559293.39,-0.01,-2.540913190896587e-11,PASS
FUND003,252357209.15,252357209.15,0.0,0.0,PASS
FUND004,248956268.18,248956268.18,0.0,0.0,PASS
FUND005,172784233.15,162507557.17,-10276675.98,-0.059476931388053565,REVIEW
FUND006,327997652.64,327997652.64,0.0,0.0,PASS
FUND007,39225140.97,39225140.99,0.02,5.09877071322607e-10,PASS
FUND008,133796115.24,132528039.71000001,-1268075.53,-0.009477670765891514,PASS
FUND009,35496210.86,35496210.85,-0.01,-2.8172021062870146e-10,PASS
FUND010,17806762.79,16506993.61,-1299769.18,-0.07299300806825652,REVIEW
FUND011,280632861.39,280632861.39,0.0,0.0,PASS
FUND012,203981888.86,200732164.62,-3249724.24,-0.015931435178690796,REVIEW
FUND013,359981779.66,359981779.68,0.02,5.5558367478736965e-11,PASS
FUND014,509131425.45,509131425.45,0.0,0.0,PASS
FUND015,220696863.64,220696863.65,0.01,4.531101998944565e-11,PASS
FUND016,371361599.91,371361599.91,0.0,0.0,PASS
FUND017,115371831.31,115371831.32000001,0.01,8.66762699911589e-11,PASS
FUND018,72195104.77,72195104.77000001,0.0,0.0,PASS
FUND019,352930503.63,352930503.64,0.01,2.833419015116826e-11,PASS
FUND020,152131894.68,152131894.7,0.02,1.3146487159756182e-10,PASS
FUND021,80378321.17,68083129.08,-12295192.09,-0.1529665202137737,REVIEW
FUND022,179797800.08,179797800.1,0.02,1.1123606624275222e-10,PASS
FUND023,35511930.52,30591802.93,-4920127.59,-0.1385485812219932,REVIEW
FUND024,818231792.68,776360107.46,-41871685.22,-0.051173378490776245,REVIEW
