fund_id,fund_name,strategy,vintage_year,base_currency,region,paid_in_capital,distributions,latest_nav,total_commitment,unfunded_commitment,dpi,rvpi,tvpi,irr,gbp_per_unit,paid_in_capital_gbp,distributions_gbp,latest_nav_gbp,total_commitment_gbp,unfunded_commitment_gbp
FUND001,Northstar Buyout Fund 1,Buyout,2017,GBP,UK,694992314.9399999,676043560.59,24601437.2,881954317.46,186962002.5200001,0.9727353037685952,0.03539814278683627,1.0081334465554315,0.00593150107562357,1.0,694992314.9399999,676043560.59,24601437.2,881954317.46,186962002.5200001
FUND002,Northstar Growth Fund 2,Growth,2023,USD,Europe,595399488.99,230820444.92,393559293.4,771769474.26,176369985.26999998,0.3876732331624099,0.6610003882731078,1.0486736214355177,0.04057711689926953,0.76,452503611.63240004,175423538.1392,299105062.98399997,586544800.4376,134041188.80519998
FUND003,Northstar Private Credit Fund 3,Private Credit,2022,EUR,North America,412262798.43,201088912.19,252357209.15,546631951.35,134369152.92000002,0.48776875564760375,0.6121270464156345,1.0998958020632383,0.07035807728827953,0.87,358668634.6341,174947353.6053,219550771.9605,475569797.6745,116901163.04040001
FUND004,Northstar Infrastructure Fund 4,Infrastructure,2020,GBP,Asia-Pacific,644652726.86,451781784.34,248956268.18,928420798.86,283768072.0,0.7008141988952045,0.38618663631910166,1.0870008352143061,0.043834120147967254,1.0,644652726.86,451781784.34,248956268.18,928420798.86,283768072.0
FUND005,Northstar Real Estate Fund 5,Real Estate,2020,USD,UK,498229360.19,367688925.14,172784233.15,652487038.61,154257678.42000002,0.7379912837729629,0.3467965699253626,1.0847878536983253,0.057624575156753816,0.76,378654313.7444,279443583.1064,131316017.194,495890149.34360003,117235835.59920001
FUND006,Northstar Secondaries Fund 6,Secondaries,2023,EUR,Europe,495496240.9,210466351.1,327997652.64,624865188.52,129368947.62,0.42475872413828436,0.6619579031401689,1.0867166272784534,0.07924367787464126,0.87,431081729.583,183105725.457,285357957.79679996,543632714.0124,112550984.4294
FUND007,Northstar Buyout Fund 7,Buyout,2017,GBP,North America,480639847.84,450984378.82,39225140.97,602948902.77,122309054.93,0.9383000199561649,0.08161025588343987,1.0199102758396046,0.01934964217711483,1.0,480639847.84,450984378.82,39225140.97,602948902.77,122309054.93
FUND008,Northstar Growth Fund 8,Growth,2022,USD,Asia-Pacific,254568214.3,148829795.63,133796115.24,342024721.61,87456507.31,0.5846362085669075,0.5255806016784398,1.1102168102453471,0.09589239590438461,0.76,193471842.868,113110644.6788,101685047.5824,259938788.42360002,66466945.5556
FUND009,Northstar Private Credit Fund 9,Private Credit,2018,EUR,UK,179601232.82,152468856.12,35496210.86,241122882.3,61521649.48000002,0.8489298972285306,0.1976390156273316,1.0465689128558624,0.04317712065710823,0.87,156253072.55339998,132647904.82440001,30881703.4482,209776907.601,53523835.047600016
FUND010,Northstar Infrastructure Fund 10,Infrastructure,2017,GBP,Europe,438139890.62,413926929.12,17806762.79,609284083.97,171144193.35000002,0.9447369161804992,0.04064172920845469,0.9853786453889539,-0.0226506907867281,1.0,438139890.62,413926929.12,17806762.79,609284083.97,171144193.35000002
FUND011,Northstar Real Estate Fund 11,Real Estate,2021,USD,North America,733739667.38,516195220.79,280632861.39,986950542.6,253210875.22000003,0.7035127630937598,0.3824692515154175,1.0859820146091774,0.04954536868321542,0.76,557642147.2088,392308367.8004,213280974.6564,750082412.376,192440265.16720003
FUND012,Northstar Secondaries Fund 12,Secondaries,2024,EUR,Asia-Pacific,173021746.24,0.0,203981888.86,220620301.1,47598554.859999985,0.0,1.1789378693303378,1.1789378693303378,0.19370741846178713,0.87,150528919.2288,0.0,177464243.3082,191939661.957,41410742.72819999
FUND013,Northstar Buyout Fund 13,Buyout,2022,GBP,UK,737032584.43,444250702.12,359981779.66,944661287.75,207628703.32000005,0.602755850290623,0.4884204406490382,1.0911762909396612,0.055753418389541995,1.0,737032584.43,444250702.12,359981779.66,944661287.75,207628703.32000005
FUND014,Northstar Growth Fund 14,Growth,2023,USD,Europe,664064331.51,217814662.81,509131425.45,924143956.65,260079625.14,0.3280023522942671,0.7666899143525722,1.0946922666468393,0.07749896626690725,0.76,504688891.9476,165539143.7356,386939883.342,702349407.054,197660515.10639998
FUND015,Northstar Private Credit Fund 15,Private Credit,2022,EUR,North America,327892378.56,156216475.27,220696863.64,426766438.45,98874059.88999999,0.4764260638080505,0.6730771377158294,1.1495032015238797,0.18066247114068096,0.87,285266369.3472,135908333.4849,192006271.36679998,371286801.4515,86020432.10429999
FUND016,Northstar Infrastructure Fund 16,Infrastructure,2023,GBP,Asia-Pacific,575650701.86,270498513.43,371361599.91,755203570.1800001,179552868.32000005,0.46990043190425235,0.645116211463104,1.1150166433673563,0.10972473778471387,1.0,575650701.86,270498513.43,371361599.91,755203570.1800001,179552868.32000005
FUND017,Northstar Real Estate Fund 17,Real Estate,2021,USD,UK,243202938.68,152713583.59,115371831.31,321647843.15999997,78444904.47999996,0.6279265555706812,0.4743850215634245,1.1023115771341057,0.07113255444556604,0.76,184834233.3968,116062323.5284,87682591.7956,244452360.80159998,59618127.40479997
FUND018,Northstar Secondaries Fund 18,Secondaries,2018,EUR,Europe,643736606.2,585249823.32,72195104.77,815568693.9,171832087.69999993,0.9091448547174449,0.11215006894849472,1.0212949236659394,0.014541610757305645,0.87,560050847.394,509167346.28840005,62809741.1499,709544763.693,149493916.29899994
FUND019,Northstar Buyout Fund 19,Buyout,2023,GBP,North America,600745039.24,306418915.12,352930503.63,782466651.78,181721612.53999996,0.5100648280136433,0.5874880033574491,1.0975528313710923,0.0907789038942419,1.0,600745039.24,306418915.12,352930503.63,782466651.78,181721612.53999996
FUND020,Northstar Growth Fund 20,Growth,2020,USD,Asia-Pacific,359186684.14,239625504.16,152131894.68,496074292.46,136887608.32,0.6671335958172695,0.42354547481137594,1.0906790706286456,0.07798268225579472,0.76,272981879.9464,182115383.1616,115620239.95680001,377016462.2696,104034582.3232
FUND021,Northstar Private Credit Fund 21,Private Credit,2021,EUR,UK,163707540.43,100254878.96,80378321.17,191215125.15,27507584.72,0.6124023285467913,0.4909872872005496,1.103389615747341,0.10249378175464602,0.87,142425560.1741,87221744.6952,69929139.4179,166357158.88050002,23931598.7064
FUND022,Northstar Infrastructure Fund 22,Infrastructure,2019,GBP,Europe,793988631.71,658485511.82,179797800.08,1124147236.08,330158604.3699999,0.8293387153438593,0.22644883427710105,1.0557875496209603,0.05082380339624043,1.0,793988631.71,658485511.82,179797800.08,1124147236.08,330158604.3699999
FUND023,Northstar Real Estate Fund 23,Real Estate,2018,USD,North America,391487475.76,359977226.66,35511930.52,523222836.92,131735361.16000003,0.9195114759703904,0.09071025950717888,1.0102217354775693,0.006577160163069787,0.76,297530481.5776,273582692.2616,26989067.195200004,397649356.0592,100118874.48160002
FUND024,Northstar Secondaries Fund 24,Secondaries,2024,EUR,Asia-Pacific,715075786.96,0.0,818231792.68,913242528.64,198166741.67999995,0.0,1.1442588430501146,1.1442588430501146,0.16276222895574327,0.87,622115934.6552,0.0,711861659.6315999,794520999.9168,172405065.26159996
